participant,group,mean_rt__P_0,mean_rt__P_1,mean_rt__P_2,mean_rt__P_5,acc__P_0,acc__P_1,acc__P_2,acc__P_5,mean_rt__P_congruent,mean_rt__P_incongruent,mean_rt__P_neutral,acc__P_congruent,acc__P_incongruent,acc__P_neutral,mean_rt__M_1,mean_rt__M_2,mean_rt__M_5,acc__M_1,acc__M_2,acc__M_5,mean_rt__M_congruent,mean_rt__M_incongruent,mean_rt__M_neutral,acc__M_congruent,acc__M_incongruent,acc__M_neutral
10010,CAB,0.6125541666666666,0.601875,0.62935,0.563275,100,100,100,100,0.5991666666666666,0.5971666666666666,0.6125541666666666,100,100,100,0.6321,0.6268304347826087,0.5510333333333334,95.83333333333334,95.83333333333334,100,0.6104458333333334,0.6055545454545455,0.5919708333333333,100,91.66666666666666,100
10011,BCA,0.49851304347826086,0.481375,0.5437714285714286,0.5377625,95.83333333333334,100,87.5,100,0.48006521739130437,0.5598913043478261,0.49851304347826086,95.83333333333334,95.83333333333334,95.83333333333334,0.5274791666666667,0.5314041666666667,0.5016083333333333,100,100,100,0.5027833333333334,0.5399833333333334,0.517725,100,100,100
10012,CAB,0.6025708333333333,0.6596466666666667,0.6836733333333334,0.6540312500000001,100,93.75,93.75,100,0.555225,0.7858590909090909,0.6025708333333333,100,91.66666666666666,100,0.6831363636363637,0.62665,0.5660958333333334,91.66666666666666,100,100,0.5672875000000001,0.7140636363636363,0.5971083333333334,100,91.66666666666666,100
10013,BCA,0.6513958333333333,0.66526875,0.63655,0.68573125,100,100,100,100,0.6466375,0.6783958333333333,0.6513958333333333,100,100,100,1.0173588235294118,0.8271304347826087,0.7241368421052632,70.83333333333334,95.83333333333334,79.16666666666666,0.8399375,0.8635466666666667,0.8482999999999999,100,62.5,83.33333333333334
10014,CAB,0.7913782608695652,0.7084125,0.6998375,0.9116866666666666,95.83333333333334,100,100,93.75,0.6515124999999999,0.8943913043478261,0.7913782608695652,100,95.83333333333334,95.83333333333334,0.9234428571428571,0.9959666666666667,0.8418888888888888,58.333333333333336,62.5,75,0.8470375,0.7424333333333334,1.023275,100,12.5,83.33333333333334
10015,ACB,0.5621875,0.58375,0.57295625,0.5463312499999999,100,100,100,100,0.5334458333333333,0.6019125,0.5621875,100,100,100,1.11955,0.967565,1.0864214285714286,75,83.33333333333334,58.333333333333336,0.8428041666666667,0.7481454545454546,1.5444823529411766,100,45.83333333333333,70.83333333333334
10016,BAC,0.524995,0.5626625,0.66786875,0.5537857142857143,83.33333333333334,100,100,87.5,0.5797695652173913,0.6133391304347826,0.524995,95.83333333333334,95.83333333333334,83.33333333333334,0.55225,0.6266636363636363,0.6329565217391304,91.66666666666666,91.66666666666666,95.83333333333334,0.5862727272727273,0.6250409090909091,0.6019652173913044,91.66666666666666,91.66666666666666,95.83333333333334
10017,CBA,0.5177541665416666,0.4645875000625,0.4486,0.5591642858571428,100,100,93.75,87.5,0.4748625000416667,0.5044761905714286,0.5177541665416666,100,87.5,100,0.7463608695652174,0.6968173914347826,0.5739750000416667,95.83333333333334,95.83333333333334,100,0.716941666625,0.6375090909545454,0.6556958335,100,91.66666666666666,100
10018,BAC,0.4599416666666667,0.43943125,0.41165384615384615,0.47531875,100,100,81.25,100,0.42115,0.47047142857142854,0.4599416666666667,100,87.5,100,0.5563857142857143,0.5743583333333333,0.48088695652173913,87.5,100,95.83333333333334,0.5072333333333333,0.5515476190476191,0.5553478260869565,100,87.5,95.83333333333334
10019,ACB,0.4459625,0.43006875,0.50736875,0.46185,100,100,100,87.5,0.4459625,0.48917272727272726,0.4459625,100,91.66666666666666,100,0.7367782608695652,0.6284545454545455,0.5778217391304348,95.83333333333334,91.66666666666666,95.83333333333334,0.5847454545454546,0.7220000000000001,0.634408695652174,91.66666666666666,95.83333333333334,95.83333333333334
10020,BCA,0.5258333333333334,0.63190625,0.5265133333333334,0.6457625,100,100,93.75,100,0.5375875,0.6712304347826087,0.5258333333333334,100,95.83333333333334,100,0.8210652173913043,0.9008375,0.5748125,95.83333333333334,100,100,0.6907291666666667,0.7643333333333333,0.8425478260869566,100,100,95.83333333333334
10021,ABC,0.6634166666666667,0.6708125,0.7029375,0.7249375,100,100,100,100,0.6756666666666666,0.7234583333333333,0.6634166666666667,100,100,100,0.73175,0.678625,0.6495416666666667,100,100,100,0.6935416666666667,0.69325,0.673125,100,100,100
10022,BCA,0.6581,0.60151875,0.6600266666666667,0.69235,100,100,93.75,100,0.5636916666666667,0.7423347826086957,0.6581,100,95.83333333333334,100,0.58938,0.5390826086956522,0.5655333333333333,83.33333333333334,95.83333333333334,100,0.5344695652173913,0.5921772727272727,0.565390909090909,95.83333333333334,91.66666666666666,91.66666666666666
10023,CBA,0.7229222222222222,0.642090909090909,0.6796272727272727,0.4619357142857143,75,68.75,68.75,87.5,0.5711111111111111,0.5958888888888889,0.7229222222222222,75,75,75,0.42861333333333335,0.44196875,0.43866666666666665,62.5,66.66666666666666,62.5,0.4411294117647059,0.41144285714285717,0.45475333333333334,70.83333333333334,58.333333333333336,62.5
10024,BAC,0.5836916666666667,0.6663066666666667,0.6300142857142857,0.6312187499999999,100,93.75,87.5,100,0.6250571428571429,0.6578375,0.5836916666666667,87.5,100,100,0.6901826086956522,0.6531666666666667,0.6552909090909091,95.83333333333334,100,91.66666666666666,0.6184208333333333,0.7035857142857143,0.6812166666666667,100,87.5,100
10025,ABC,0.4694,0.55894375,0.46776249999999997,0.5073857142857143,100,100,100,87.5,0.4619083333333333,0.5656772727272728,0.4694,100,91.66666666666666,100,0.6692782608695652,0.626675,0.5483391304347826,95.83333333333334,100,95.83333333333334,0.5880625,0.6358136363636363,0.6226666666666667,100,91.66666666666666,100
10026,BCA,0.5043,0.5125333333333333,0.49948125,0.7723687499999999,95.83333333333334,93.75,100,100,0.6736083333333333,0.5161304347826087,0.5043,100,95.83333333333334,95.83333333333334,0.7063521739130435,0.6796458333333333,0.711275,95.83333333333334,100,100,0.6382708333333333,0.7408391304347826,0.7196,100,95.83333333333334,100
10027,CAB,0.4397875,0.42995625,0.4847071428571429,0.41784,100,100,87.5,93.75,0.42830434782608695,0.4582636363636364,0.4397875,95.83333333333334,91.66666666666666,100,0.5221476190476191,0.4908375,0.44448333333333334,87.5,100,100,0.4477291666666667,0.5097545454545455,0.49794347826086954,100,91.66666666666666,95.83333333333334
10028,CAB,0.5689166667083333,0.6656562498749999,0.6158999998,0.5772125001875,100,100,93.75,100,0.6247500001666667,0.6143652171304348,0.5689166667083333,100,95.83333333333334,100,0.7315652174782609,0.71670833325,0.671804166625,95.83333333333334,100,100,0.6256521740434783,0.7543458330416667,0.7356666667916667,95.83333333333334,100,100
10029,CBA,0.4680875,0.45403125,0.47642142857142855,0.42794615384615386,100,100,87.5,81.25,0.41001739130434783,0.503365,0.4680875,95.83333333333334,83.33333333333334,100,0.5150565217391304,0.4835125,0.46199583333333333,95.83333333333334,100,100,0.435825,0.557,0.4694875,100,95.83333333333334,100
10030,BAC,0.74225,0.77818125,0.787325,0.813525,100,100,100,100,0.7360875,0.8499333333333333,0.74225,100,100,100,1.0691260869565218,0.9499625,1.1017375,95.83333333333334,100,100,0.9622041666666666,1.1943608695652175,0.9694791666666667,100,95.83333333333334,100
10031,BAC,0.5354166666666667,0.5963933333333333,0.50362,0.56611875,100,93.75,93.75,100,0.4951375,0.6215818181818182,0.5354166666666667,100,91.66666666666666,100,0.6827227272727273,0.6466583333333333,0.6266208333333333,91.66666666666666,100,100,0.5856833333333333,0.6899391304347826,0.6805913043478261,100,95.83333333333334,95.83333333333334
10032,BCA,0.5593208333333334,0.55078,0.5613875,0.58514375,100,93.75,100,100,0.548895652173913,0.5825666666666667,0.5593208333333334,95.83333333333334,100,100,0.9055047619047619,0.8865708333333333,0.8179291666666667,87.5,100,100,0.8042166666666667,0.9913428571428572,0.825175,100,87.5,100
119238710566,CAB,0.5049666666666667,0.5202875,0.49475,0.50433125,100,100,100,100,0.47665,0.5362625,0.5049666666666667,100,100,100,0.7923066666666666,0.8846466666666667,0.5707416666666667,62.5,62.5,50,0.5880041666666667,NA,0.99395,100,NA,75
134423588053,CBA,0.4780875,0.48355,0.4923375,0.47881875,100,100,100,100,0.44304166666666667,0.5267625,0.4780875,100,100,100,0.5871478260869565,0.5563727272727272,0.5479791666666667,95.83333333333334,91.66666666666666,100,0.5579875,0.6023095238095239,0.5356625,100,87.5,100
176876591960,ABC,0.4743833333333333,0.45475625,0.47024615384615387,0.53020625,100,100,81.25,100,0.4819217391304348,0.4903818181818182,0.4743833333333333,95.83333333333334,91.66666666666666,100,0.5826,0.6110454545454546,0.545475,95.83333333333334,91.66666666666666,100,0.5424,0.6359714285714286,0.56505,100,87.5,100
181625310168,BCA,0.5284041666666667,0.5596533333333333,0.5485125,0.6409375,100,93.75,100,100,0.5032083333333334,0.6673478260869565,0.5284041666666667,100,95.83333333333334,100,0.5109333333333334,0.5428791666666667,0.4710916666666667,100,100,100,0.48404166666666665,0.5281375,0.512725,100,100,100
191352558881,BCA,0.588925,0.55683125,0.68219375,0.5943499999999999,100,100,100,100,0.5764791666666667,0.6457708333333333,0.588925,100,100,100,0.6620958333333333,0.5989347826086957,0.5305541666666667,100,95.83333333333334,100,0.5489083333333333,0.6201,0.6234583333333333,100,95.83333333333334,100
230068048695,CAB,0.4946375,0.4665875,0.44856,0.4924928571428571,100,100,93.75,87.5,0.46949166666666664,0.4676619047619048,0.4946375,100,87.5,100,0.5922782608695653,0.5770590909090909,0.5412434782608696,95.83333333333334,91.66666666666666,95.83333333333334,0.5359875,0.61587,0.56605,100,83.33333333333334,100
231023528450,ACB,0.4973416666666667,0.51438,0.5085666666666666,0.5226142857142857,100,93.75,93.75,87.5,0.49096666666666666,0.54388,0.4973416666666667,100,83.33333333333334,100,0.8189421052631579,1.1059312499999998,1.1207625,79.16666666666666,66.66666666666666,66.66666666666666,0.6001291666666667,1.10405,1.4711315789473685,100,33.33333333333333,79.16666666666666
277529272856,CAB,0.5314913043478261,0.60726875,0.5834642857142857,0.5598785714285714,95.83333333333334,100,87.5,87.5,0.5394958333333333,0.63876,0.5314913043478261,100,83.33333333333334,95.83333333333334,0.7045714285714286,0.8350454545454545,0.6737291666666667,87.5,91.66666666666666,100,0.67945,0.8038,0.7371173913043478,100,83.33333333333334,95.83333333333334
294874663208,CAB,0.39713478260869567,0.4228857142857143,0.3896125,0.42925,95.83333333333334,87.5,100,100,0.3973875,0.43113181818181817,0.39713478260869567,100,91.66666666666666,95.83333333333334,0.6015222222222222,0.5008958333333333,0.43895833333333334,75,100,100,0.5110791666666666,0.5240277777777778,0.48689583333333336,100,75,100
318020814820,ABC,0.5210458333333333,0.5167437500000001,0.50839375,0.492325,100,100,100,100,0.4869,0.5247416666666667,0.5210458333333333,100,100,100,0.642259090909091,0.6206391304347826,0.5748739130434782,91.66666666666666,95.83333333333334,95.83333333333334,0.5498166666666666,0.656705,0.6373666666666666,100,83.33333333333334,100
392002593306,BCA,0.5364125,0.60475625,0.5702125,0.5477066666666667,100,100,100,93.75,0.5350666666666667,0.6162391304347826,0.5364125,100,95.83333333333334,100,0.6632045454545454,0.6065,0.6037958333333333,91.66666666666666,95.83333333333334,100,0.5834374999999999,0.6749954545454545,0.6164652173913043,100,91.66666666666666,95.83333333333334
414654074748,CAB,0.596525,0.61126875,0.63708125,0.65145,100,100,100,100,0.6142625,0.6522708333333334,0.596525,100,100,100,1.0036695652173913,0.8738666666666667,0.850625,95.83333333333334,100,100,0.8226958333333333,0.9646304347826087,0.9392083333333333,100,95.83333333333334,100
458214205270,CAB,0.4752416666666667,0.4845875,0.4516125,0.47495625,100,100,100,100,0.4472875,0.49348333333333333,0.4752416666666667,100,100,100,0.6091652173913044,0.5336625,0.5246875,95.83333333333334,100,100,0.5107583333333333,0.6214217391304347,0.5358458333333334,100,95.83333333333334,100
483748594322,ACB,0.605725,0.6016933333333333,0.902725,0.637825,100,93.75,100,100,0.6709173913043478,0.7601291666666666,0.605725,95.83333333333334,100,100,0.7889869565217391,0.920895652173913,0.746904347826087,95.83333333333334,95.83333333333334,95.83333333333334,0.7482,0.9155045454545454,0.7981833333333334,95.83333333333334,91.66666666666666,100
484025127976,BAC,0.500075,0.516975,0.5925625,0.52015,100,100,100,100,0.5075333333333333,0.578925,0.500075,100,100,100,0.6226333333333334,0.5613217391304348,0.5473541666666667,100,95.83333333333334,100,0.5364875,0.626175,0.5689652173913043,100,100,95.83333333333334
501104472111,BCA,0.5037416666666666,0.54841875,0.4809375,0.53799375,100,100,100,100,0.48746666666666666,0.5574333333333333,0.5037416666666666,100,100,100,0.6393958333333334,0.6386041666666666,0.5995916666666666,100,100,100,0.5979666666666666,0.6341666666666667,0.6454583333333334,100,100,100
517308643925,BCA,0.5622291666666667,0.6318,0.58190625,0.5911533333333333,100,93.75,100,93.75,0.5167916666666666,0.6932636363636364,0.5622291666666667,100,91.66666666666666,100,0.7196416666666666,0.6907260869565217,0.6007695652173913,100,95.83333333333334,95.83333333333334,0.5885916666666666,0.7841045454545454,0.6499708333333334,100,91.66666666666666,100
560520040965,CAB,0.41749166666666665,0.43422666666666665,0.4502625,0.43344,100,93.75,100,93.75,0.4233625,0.4572045454545454,0.41749166666666665,100,91.66666666666666,100,0.5443521739130435,0.5120666666666667,0.4743,95.83333333333334,100,100,0.4694583333333333,0.5668260869565217,0.4953708333333333,100,95.83333333333334,100
582545690541,BAC,0.5164416666666667,0.5187866666666666,0.503525,0.554775,100,93.75,100,100,0.5315458333333334,0.519891304347826,0.5164416666666667,100,95.83333333333334,100,0.6143375,0.5708208333333333,0.5594833333333333,100,100,100,0.552575,0.6232833333333333,0.5687833333333333,100,100,100
604128320491,ABC,0.4714458335416667,0.4561071429285714,0.5193187499999999,0.4554933336,100,87.5,100,93.75,0.45562916691666666,0.5043761904285714,0.4714458335416667,100,87.5,100,0.616392857,0.6848714284285714,0.5861818185454546,58.333333333333336,58.333333333333336,45.83333333333333,0.5659999999583334,NA,0.7387800000666667,100,NA,62.5
651964771235,ACB,0.5875608695652174,0.5829153846153846,0.5954333333333334,0.55554375,95.83333333333334,81.25,93.75,100,0.5508954545454545,0.6035636363636364,0.5875608695652174,91.66666666666666,91.66666666666666,95.83333333333334,0.7498714285714286,0.6135772727272727,0.616625,87.5,91.66666666666666,100,0.6296166666666667,0.7134,0.6376608695652174,100,83.33333333333334,95.83333333333334
675296385237,ACB,0.49580833333333335,0.49929375,0.51816,0.5032125,100,100,93.75,100,0.46922916666666664,0.545695652173913,0.49580833333333335,100,95.83333333333334,100,0.6720181818181818,0.622275,0.5554333333333333,91.66666666666666,100,100,0.5886666666666667,0.6423652173913044,0.6150869565217392,100,95.83333333333334,95.83333333333334
678536750213,BCA,0.5363666666666667,0.49010625,0.4882533333333333,0.4911875,100,100,93.75,100,0.49885416666666665,0.4805217391304348,0.5363666666666667,100,95.83333333333334,100,1.0840944444444445,1.69006875,0.7107588235294118,75,66.66666666666666,70.83333333333334,1.12225,0.7409333333333333,1.39085,100,37.5,75
692323212348,CBA,0.46432083333333335,0.57216875,0.4778,0.49876,100,100,87.5,93.75,0.4690875,0.5746285714285715,0.46432083333333335,100,87.5,100,0.5686791666666666,0.530904347826087,0.49985833333333335,100,95.83333333333334,100,0.5006958333333333,0.5930043478260869,0.5083291666666667,100,95.83333333333334,100
697608015709,BCA,0.5802826086956522,0.52165,0.56624375,0.5055133333333334,95.83333333333334,100,100,93.75,0.534975,0.5282434782608696,0.5802826086956522,100,95.83333333333334,95.83333333333334,0.7201,0.6479458333333333,0.6124708333333333,83.33333333333334,100,100,0.6537260869565218,0.6537090909090909,0.6623782608695652,95.83333333333334,91.66666666666666,95.83333333333334
730858445772,CBA,0.44611666666666666,0.4714375,0.47170666666666666,0.4954,100,100,93.75,100,0.42662083333333334,0.5350478260869566,0.44611666666666666,100,95.83333333333334,100,0.7197333333333333,0.6113076923076923,0.6340571428571429,62.5,54.166666666666664,58.333333333333336,0.5277416666666667,NA,0.8307777777777778,100,NA,75
771719516720,BCA,0.5008958333333333,0.48745625,0.50405,0.5213266666666666,100,100,100,93.75,0.47833333333333333,0.530608695652174,0.5008958333333333,100,95.83333333333334,100,0.4869625,0.475975,0.4361291666666667,100,100,100,0.46234166666666665,0.47476666666666667,0.4619583333333333,100,100,100
798938289447,BCA,0.40827083333333336,0.4403666666666667,0.4015066666666667,0.4403,100,93.75,93.75,100,0.42533750000000003,0.43021818181818183,0.40827083333333336,100,91.66666666666666,100,0.5800894736842105,0.57621,0.5541375,79.16666666666666,83.33333333333334,100,0.5592608695652174,0.63343125,0.5353041666666667,95.83333333333334,66.66666666666666,100
822385097411,BAC,0.50595,0.479225,0.5508,0.5452812499999999,100,100,100,100,0.5297291666666667,0.520475,0.50595,100,100,100,0.5482913043478261,0.5878416666666667,0.531625,95.83333333333334,100,100,0.5019333333333333,0.6236652173913043,0.5453,100,95.83333333333334,100
8233,ABC,0.5210083333333333,0.56578125,0.56073125,0.50501875,100,100,100,100,0.4804541666666667,0.6072333333333333,0.5210083333333333,100,100,100,0.5611608695652174,0.6159652173913044,0.48420416666666666,95.83333333333334,95.83333333333334,100,0.5172478260869565,0.61599565217391306,0.5262583333333334,95.83333333333334,95.83333333333334,100
8242,CBA,0.4964208333333333,0.47869285714285714,0.48924285714285715,0.5601866666666667,100,87.5,87.5,93.75,0.4651227272727273,0.558152380952381,0.4964208333333333,91.66666666666666,87.5,100,0.5801428571428572,0.5547045454545455,0.47381304347826086,87.5,91.66666666666666,95.83333333333334,0.500075,0.5997166666666667,0.5203125,100,75,100
8251,CBA,0.45390416666666666,0.46409375,0.45611333333333337,0.43363999999999997,100,100,93.75,93.75,0.4362916666666667,0.4682181818181818,0.45390416666666666,100,91.66666666666666,100,0.6482727272727272,0.6020434782608696,0.5563695652173913,91.66666666666666,95.83333333333334,95.83333333333334,0.5826708333333334,0.6252142857142857,0.5996478260869565,100,87.5,95.83333333333334
838440669607,CBA,0.5191,0.5551666666666667,0.59773125,0.56255,100,93.75,100,87.5,0.5253416666666667,0.6266047619047619,0.5191,100,87.5,100,0.78685,0.706535,0.6147625,91.66666666666666,83.33333333333334,100,0.6394478260869565,0.7247761904761905,0.7394590909090909,95.83333333333334,87.5,91.66666666666666
848199286335,CAB,0.575,0.594125,0.56559375,0.6545214285714286,95.83333333333334,100,100,87.5,0.5617083333333334,0.6471727272727272,0.575,100,91.66666666666666,95.83333333333334,0.9341583333333333,0.8063333333333333,0.7243869565217391,100,100,95.83333333333334,0.7461,0.8381000000000001,0.8854166666666666,100,95.83333333333334,100
8485,BAC,0.5041541666666667,0.53795,0.5174533333333333,0.51154375,100,100,93.75,100,0.4915125,0.5546695652173913,0.5041541666666667,100,95.83333333333334,100,1.1244583333333333,1.1685,0.8910913043478261,100,100,95.83333333333334,1.00055,1.0381,1.1515250000000001,100,95.83333333333334,100
8488,CBA,0.47739166666666666,0.4412,0.4756933333333333,0.4737,100,93.75,93.75,100,0.45837916666666667,0.46961363636363634,0.47739166666666666,100,91.66666666666666,100,0.6251217391304348,0.6331652173913044,0.5691166666666667,95.83333333333334,95.83333333333334,100,0.6031458333333333,0.6474652173913044,0.5753130434782608,100,95.83333333333334,95.83333333333334
8497,CBA,0.6057173913043479,0.5724666666666667,0.6302714285714286,0.6405923076923077,95.83333333333334,93.75,87.5,81.25,0.5898238095238095,0.6358190476190476,0.6057173913043479,87.5,87.5,95.83333333333334,1.0100571428571428,0.77135,0.8608454545454546,87.5,83.33333333333334,91.66666666666666,0.7530318181818182,1.0336888888888889,0.8871173913043479,91.66666666666666,75,95.83333333333334
8506,CBA,0.5273086956521739,0.4854,0.4977875,0.49229375,95.83333333333334,93.75,100,100,0.4989708333333333,0.4846521739130435,0.5273086956521739,100,95.83333333333334,95.83333333333334,0.6356391304347826,0.5614772727272728,0.5307999999999999,95.83333333333334,91.66666666666666,100,0.5403583333333333,0.5928476190476191,0.5955416666666666,100,87.5,100
8509,BAC,0.7029166666666666,0.8312066666666666,0.7446533333333333,0.8261642857142857,100,93.75,93.75,87.5,0.6923956521739131,0.918052380952381,0.7029166666666666,95.83333333333334,87.5,100,0.8951666666666667,0.676225,0.8087521739130434,100,83.33333333333334,95.83333333333334,0.7658863636363636,0.8682869565217392,0.7631681818181818,91.66666666666666,95.83333333333334,91.66666666666666
8515,ABC,0.557625,0.5520625,0.5241875,0.5077333333333334,100,100,100,93.75,0.5184166666666666,0.5388695652173913,0.557625,100,95.83333333333334,100,0.5654347826086956,0.5356521739130435,0.5259583333333333,95.83333333333334,95.83333333333334,100,0.5282083333333334,0.5674090909090909,0.5328333333333334,100,91.66666666666666,100
8533,ABC,0.49893333333333334,0.514625,0.5178875000000001,0.506925,100,100,100,100,0.4882875,0.5380041666666666,0.49893333333333334,100,100,100,0.7095166666666667,0.6826818181818182,0.6119833333333333,100,91.66666666666666,100,0.6648521739130435,0.7007333333333333,0.635904347826087,95.83333333333334,100,95.83333333333334
857677498017,CBA,0.51845,0.5082333333333333,0.5223625,0.49796666666666667,100,93.75,100,93.75,0.49843333333333334,0.5222,0.51845,100,91.66666666666666,100,0.6350782608695652,0.5823285714285714,0.5779388888888889,95.83333333333334,87.5,75,0.5433083333333333,0.6588058823529411,0.6190238095238095,100,70.83333333333334,87.5
8596,ABC,1.1740166666666665,0.7623800000000001,1.5733133333333333,0.82845625,100,93.75,93.75,100,1.2407958333333333,0.8414363636363636,1.1740166666666665,100,91.66666666666666,100,1.0892727272727274,0.7715190476190477,1.6087318181818182,91.66666666666666,87.5,91.66666666666666,1.1918875,1.2473235294117646,1.0728416666666667,100,70.83333333333334,100
8644,BCA,0.496075,0.47105,0.5701933333333333,0.5662214285714285,100,87.5,93.75,87.5,0.4835291666666667,0.6036842105263158,0.496075,100,79.16666666666666,100,0.6230818181818182,0.5903521739130435,0.5886565217391304,91.66666666666666,95.83333333333334,95.83333333333334,0.58645,0.6231666666666666,0.5940739130434782,100,87.5,95.83333333333334
8665,BAC,0.5838041666666667,0.57380625,0.697925,0.659,100,100,100,100,0.6474333333333333,0.6397208333333333,0.5838041666666667,100,100,100,0.8720826086956521,0.7921863636363636,0.78395,95.83333333333334,91.66666666666666,100,0.7353166666666666,0.8714181818181818,0.8470434782608696,100,91.66666666666666,95.83333333333334
8668,CAB,0.4997782608695652,0.5432133333333333,0.546475,0.53995,95.83333333333334,93.75,100,87.5,0.49877916666666666,0.5943047619047619,0.4997782608695652,100,87.5,95.83333333333334,0.557175,0.5320545454545454,0.5018086956521739,100,91.66666666666666,95.83333333333334,0.4787458333333333,0.5668190476190477,0.5510791666666667,100,87.5,100
8761,BAC,0.6419523809523809,0.70175,0.596,0.6898124999999999,87.5,100,100,100,0.6065833333333334,0.7184583333333333,0.6419523809523809,100,100,87.5,0.7624705882352941,0.852125,0.652,70.83333333333334,66.66666666666666,75,0.640875,0.4955,0.911695652173913,100,16.666666666666664,95.83333333333334
8767,CAB,0.6795833333333333,0.6906875,0.7644,0.7046875,100,100,93.75,100,0.6705217391304348,0.7654166666666666,0.6795833333333333,95.83333333333334,100,100,0.7069565217391305,0.6303478260869565,0.6291666666666667,95.83333333333334,95.83333333333334,100,0.6737916666666667,0.6395,0.6507499999999999,100,91.66666666666666,100
8791,CAB,0.6609375,0.65769375,0.68765625,0.66581875,100,100,100,100,0.6430208333333334,0.6977583333333334,0.6609375,100,100,100,1.0087260869565218,1.0208782608695652,0.9526875,95.83333333333334,95.83333333333334,100,1.0191916666666667,1.0746272727272728,0.8934583333333334,100,91.66666666666666,100
8800,ACB,0.5237000001666666,0.5264312500625,0.52442500025,0.581925000125,100,100,100,100,0.49554166679166667,0.5929791668333333,0.5237000001666666,100,100,100,0.6878260869130435,0.6940291665416667,0.6320666665833333,95.83333333333334,100,100,0.6572541665416667,0.7144260869130434,0.6433499999166666,100,95.83333333333334,100
8803,CBA,0.49294166666666667,0.5408125,0.58343125,0.5241375,100,100,100,100,0.513025,0.5858958333333333,0.49294166666666667,100,100,100,0.46679130434782606,0.45410833333333334,0.4403958333333333,95.83333333333334,100,100,0.4213875,0.5099565217391304,0.43175,100,95.83333333333334,100
8812,ABC,0.49491666666666667,0.52214375,0.51623125,0.5066625,100,100,100,100,0.49014166666666664,0.5398833333333334,0.49491666666666667,100,100,100,0.8163090909090909,0.739225,0.7182708333333333,91.66666666666666,100,100,0.7104208333333333,0.7726086956521739,0.7877652173913043,100,95.83333333333334,95.83333333333334
8815,ACB,0.4711125,0.4665,0.4601,0.479975,100,100,100,100,0.4496375,0.4880791666666667,0.4711125,100,100,100,0.6171954545454545,0.6197782608695652,0.5539913043478261,91.66666666666666,95.83333333333334,95.83333333333334,0.6045826086956522,0.6380818181818182,0.5492086956521739,95.83333333333334,91.66666666666666,95.83333333333334
8824,CBA,0.5297782608695653,0.55484375,0.65583125,0.5277,95.83333333333334,100,100,100,0.5425666666666666,0.61635,0.5297782608695653,100,100,95.83333333333334,0.6118416666666666,0.5251666666666667,0.5773791666666667,100,100,100,0.497225,0.6540958333333333,0.5630666666666667,100,100,100
8827,ACB,0.4881913043478261,0.55025625,0.52943125,0.51164,95.83333333333334,100,100,93.75,0.47452916666666667,0.589604347826087,0.4881913043478261,100,95.83333333333334,95.83333333333334,0.6046409090909091,0.6456166666666666,0.5946304347826087,91.66666666666666,100,95.83333333333334,0.642504347826087,0.6252608695652174,0.5789043478260869,95.83333333333334,95.83333333333334,95.83333333333334
8833,BAC,0.5003375,0.5038125,0.49136,0.51296875,100,100,93.75,100,0.48935416666666665,0.5171478260869565,0.5003375,100,95.83333333333334,100,0.7531695652173913,0.713421052631579,0.7012791666666667,95.83333333333334,79.16666666666666,100,0.7013791666666667,0.764885,0.7080818181818181,100,83.33333333333334,91.66666666666666
8842,CAB,0.4632173913043478,0.456875,0.47775,0.5954666666666667,95.83333333333334,100,100,93.75,0.4379565217391304,0.5755416666666666,0.4632173913043478,95.83333333333334,100,95.83333333333334,0.6317272727272727,0.5777826086956522,0.53775,91.66666666666666,95.83333333333334,100,0.512,0.648,0.5864090909090909,100,95.83333333333334,91.66666666666666
8845,BCA,0.6978291666666667,0.8438,0.83925625,0.7817875,100,100,100,100,0.696825,0.9464041666666667,0.6978291666666667,100,100,100,1.4570928571428572,1.24402,1.2939733333333334,58.333333333333336,62.5,62.5,0.7943458333333333,3.18865,1.8348666666666666,100,8.333333333333332,75
8857,CAB,0.548475,0.5421733333333333,0.5344333333333333,0.6073642857142857,100,93.75,93.75,87.5,0.5342958333333333,0.5914550000000001,0.548475,100,83.33333333333334,100,0.6227173913043478,0.5429652173913043,0.5613541666666667,95.83333333333334,95.83333333333334,100,0.5344625,0.5941545454545455,0.5993625,100,91.66666666666666,100
8863,CAB,0.8450916666666667,0.72631875,0.70555625,0.83318125,100,100,100,100,0.802475,0.7075625,0.8450916666666667,100,100,100,1.5213750000000001,0.9537083333333334,1.3930958333333334,100,100,100,0.8922583333333334,1.3242791666666667,1.6516416666666667,100,100,100
8866,BCA,0.5166,0.5099733333333333,0.52368125,0.55540625,100,93.75,100,100,0.5274166666666666,0.5329130434782609,0.5166,100,95.83333333333334,100,0.6595454545454545,0.6230727272727273,0.6290666666666667,45.83333333333333,45.83333333333333,50,0.5880625,NA,0.75441,100,NA,41.66666666666667
8875,CBA,0.624225,0.93638,0.6379375,0.67153125,100,93.75,100,100,0.684075,0.8078,0.624225,100,95.83333333333334,100,0.9302916666666666,0.9191416666666666,0.8349291666666667,100,100,100,0.938725,0.912875,0.8327625,100,100,100
8896,ACB,0.44127391304347824,0.44159375,0.4437285714285714,0.52008125,95.83333333333334,100,87.5,100,0.42209090909090907,0.5130416666666666,0.44127391304347824,91.66666666666666,100,95.83333333333334,0.5535954545454546,0.5525714285714286,0.50135,91.66666666666666,87.5,100,0.5056086956521739,0.5686227272727273,0.5307636363636363,95.83333333333334,91.66666666666666,91.66666666666666
8902,CAB,0.5444,0.53036875000000006,0.562875,0.55491875,100,100,100,100,0.5359666666666667,0.5628083333333334,0.5444,100,100,100,0.7435571428571429,0.546976923076923,0.65204,58.333333333333336,54.166666666666664,62.5,0.5561125,NA,0.7752444444444444,100,NA,75
8917,BCA,0.5434875,0.55416,0.57529375,0.55506875,100,93.75,100,100,0.5460625,0.5779434782608696,0.5434875,100,95.83333333333334,100,0.689895652173913,0.6516130434782609,0.6838208333333333,95.83333333333334,95.83333333333334,100,0.6748291666666667,0.6919652173913043,0.6589260869565218,100,95.83333333333334,95.83333333333334
8926,CAB,0.43572083333333333,0.42756666666666665,0.41191875,0.42282,100,93.75,100,93.75,0.39416249999999997,0.44939090909090906,0.43572083333333333,100,91.66666666666666,100,0.5270478260869566,0.5368260869565218,0.501875,95.83333333333334,95.83333333333334,100,0.5086958333333333,0.5305954545454545,0.5263458333333333,100,91.66666666666666,100
8929,CAB,0.4946,0.513675,0.53261875,0.51325,100,100,100,100,0.4786916666666667,0.5610041666666666,0.4946,100,100,100,0.5911739130434783,0.5768782608695652,0.5780416666666667,95.83333333333334,95.83333333333334,100,0.5679791666666667,0.6139260869565217,0.5646260869565217,100,95.83333333333334,95.83333333333334
8932,CBA,0.5351625,0.5963,0.5664875,0.5800125,100,100,100,100,0.5330333333333334,0.6288333333333334,0.5351625,100,100,100,0.64627083333333335,0.6043125,0.5844166666666667,100,100,100,0.5735875,0.6378041666666666,0.6236083333333333,100,100,100
8935,CAB,0.508775,0.5213875,0.49178125,0.4800125,100,100,100,100,0.4859583333333333,0.5094958333333334,0.508775,100,100,100,0.5778,0.5838090909090909,0.5727777777777778,58.333333333333336,45.83333333333333,37.5,0.502275,NA,0.76115,100,NA,41.66666666666667
8953,CBA,0.4996521739130435,0.5746875,0.5899285714285715,0.541875,95.83333333333334,100,87.5,100,0.5615833333333333,0.5748181818181818,0.4996521739130435,100,91.66666666666666,95.83333333333334,0.6366666666666667,0.7553571428571428,0.615375,50,58.333333333333336,66.66666666666666,0.5697083333333334,0.428,0.8211764705882353,100,4.166666666666666,70.83333333333334
8971,CBA,0.6668333333333334,0.9745875,0.87015,0.8302266666666667,100,100,100,93.75,0.8499125000000001,0.9378826086956522,0.6668333333333334,100,95.83333333333334,100,0.818304347826087,0.7134708333333333,0.6447391304347826,95.83333333333334,100,95.83333333333334,0.6739291666666667,0.7534772727272727,0.7509375,100,91.66666666666666,100
8986,BAC,0.5384875,0.5212733333333334,0.5120375,0.52213125,100,93.75,100,100,0.4840083333333333,0.5543304347826087,0.5384875,100,95.83333333333334,100,0.6460875,0.6254208333333333,0.5795708333333334,100,100,100,0.59255,0.6280875,0.6304416666666667,100,100,100
916438355576,CBA,0.4654166666666667,0.46724375,0.48399375,0.47851875,100,100,100,100,0.4603541666666667,0.4928166666666667,0.4654166666666667,100,100,100,0.7500347826086956,0.7235391304347826,0.7013125,95.83333333333334,95.83333333333334,100,0.7067208333333334,0.7566782608695652,0.7112521739130435,100,95.83333333333334,95.83333333333334
933126141410,CAB,0.5241869565217392,0.56215625,0.5043307692307692,0.5995,95.83333333333334,100,81.25,100,0.5168565217391304,0.6025045454545455,0.5241869565217392,95.83333333333334,91.66666666666666,95.83333333333334,0.5976541666666667,0.58766,0.5599260869565217,100,83.33333333333334,95.83333333333334,0.5310833333333334,0.6554368421052632,0.5739958333333334,100,79.16666666666666,100
939257332379,CAB,0.5930416666666667,0.6249333333333333,0.5611875,0.6084666666666667,100,93.75,100,93.75,0.5526666666666666,0.6461818181818182,0.5930416666666667,100,91.66666666666666,100,0.9367727272727273,1.0055,0.8239,91.66666666666666,91.66666666666666,83.33333333333334,0.856625,0.9551176470588235,0.9744347826086956,100,70.83333333333334,95.83333333333334
957558488938,CAB,0.4817208333333333,0.4955133333333333,0.4841333333333333,0.48572499999999996,100,93.75,93.75,100,0.49674347826086956,0.48005217391304345,0.4817208333333333,95.83333333333334,95.83333333333334,100,0.53555,0.7769846153846154,0.5831333333333334,50,54.166666666666664,37.5,0.5059041666666667,NA,0.96339,100,NA,41.66666666666667
